American,Italian,Asian,Mexican
,oregano,ginger,cumin
barbecue sauce,tomato paste,curry paste,taco sauce
bbq sauce,tomato paste,curry paste,taco sauce
noodles,noodles,rice,tortilla chips
worchestershire sauce,,soy sauce,lime juice
gravy,gravy,gravy,mole
broth,broth,broth,broh
bread crumbs,bread crumbs,dry chow mein noodles,tortilla chips
ketchup,marinara sauce,soy sauce,salsa
catsup,marinara sauce,soy sauce,salsa
mayo,,,sour cream
mayonnaise,,,sour cream
miracle whip,,,sour cream
heinz 57,marinara sauce,soy sauce,salsa
cinnamon,nutmeg,Cassia,chili powder
butter,olive oil,Sesame Oil,corn oil 
peas,peas,Snow Peas,olives
velveeta,alfredo,soy sauce,queso sauce
basil,    basil,ginger,garlic
lemon peel,    marjoram,lemongrass,chilies
salt,    rosemary,cilantro,cilantro
red pepper,basil,Mitsuba,paprika
kidney beans,cannellini beans,water chestnuts,black bean
mustard,arrabiata,hot mustard,taco sauce
pepper,red pepper flakes,sriracha ,chilies
cinnamon,coriander,bay leaves,mexican cinnamon
oregano,oregano,tarragon,mexican oregano
thyme,thyme,Cardamom,cumin
pepper,Italian seasoning,chilli sauce,Achiote paste
worchestershire sauce,marinara sauce,soy sauce,adobo
pasta,linguine,Lo Mein,tortilla chips